{
  "Вход" : {
    "transaction" : "Вход",
    "sampleCount" : 905,
    "errorCount" : 102,
    "errorPct" : 11.270719,
    "meanResTime" : 3094.2508287292812,
    "medianResTime" : 800.0,
    "minResTime" : 0.0,
    "maxResTime" : 21063.0,
    "pct1ResTime" : 21028.0,
    "pct2ResTime" : 21043.0,
    "pct3ResTime" : 21054.0,
    "throughput" : 0.9844928773844036,
    "receivedKBytesPerSec" : 286.042036503065,
    "sentKBytesPerSec" : 0.36659484106695095
  },
  "Вход на главную" : {
    "transaction" : "Вход на главную",
    "sampleCount" : 903,
    "errorCount" : 102,
    "errorPct" : 11.295681,
    "meanResTime" : 3101.104097452934,
    "medianResTime" : 800.0,
    "minResTime" : 640.0,
    "maxResTime" : 21063.0,
    "pct1ResTime" : 21028.0,
    "pct2ResTime" : 21043.0,
    "pct3ResTime" : 21054.0,
    "throughput" : 0.9823033108951906,
    "receivedKBytesPerSec" : 286.0379913862171,
    "sentKBytesPerSec" : 0.36658965679758243
  },
  "Полуить информацию с корзины" : {
    "transaction" : "Полуить информацию с корзины",
    "sampleCount" : 435,
    "errorCount" : 0,
    "errorPct" : 0.0,
    "meanResTime" : 256.5747126436781,
    "medianResTime" : 226.0,
    "minResTime" : 156.0,
    "maxResTime" : 796.0,
    "pct1ResTime" : 371.0,
    "pct2ResTime" : 449.39999999999986,
    "pct3ResTime" : 614.1999999999992,
    "throughput" : 0.4875539251453415,
    "receivedKBytesPerSec" : 0.6380100192331618,
    "sentKBytesPerSec" : 0.3670938244990804
  },
  "Переход на второй товар" : {
    "transaction" : "Переход на второй товар",
    "sampleCount" : 461,
    "errorCount" : 0,
    "errorPct" : 0.0,
    "meanResTime" : 566.4685466377445,
    "medianResTime" : 545.0,
    "minResTime" : 423.0,
    "maxResTime" : 1086.0,
    "pct1ResTime" : 702.8,
    "pct2ResTime" : 749.0,
    "pct3ResTime" : 898.14,
    "throughput" : 0.5157643773515667,
    "receivedKBytesPerSec" : 155.18026069001388,
    "sentKBytesPerSec" : 0.23252903237400413
  },
  "Переход на товар-1" : {
    "transaction" : "Переход на товар-1",
    "sampleCount" : 1,
    "errorCount" : 0,
    "errorPct" : 0.0,
    "meanResTime" : 950.0,
    "medianResTime" : 950.0,
    "minResTime" : 950.0,
    "maxResTime" : 950.0,
    "pct1ResTime" : 950.0,
    "pct2ResTime" : 950.0,
    "pct3ResTime" : 950.0,
    "throughput" : 1.0526315789473684,
    "receivedKBytesPerSec" : 321.14823190789474,
    "sentKBytesPerSec" : 0.45641447368421056
  },
  "Ввод поискового запроса" : {
    "transaction" : "Ввод поискового запроса",
    "sampleCount" : 463,
    "errorCount" : 6,
    "errorPct" : 1.2958963,
    "meanResTime" : 1144.8790496760248,
    "medianResTime" : 783.0,
    "minResTime" : 1.0,
    "maxResTime" : 21048.0,
    "pct1ResTime" : 1847.6000000000001,
    "pct2ResTime" : 2012.8,
    "pct3ResTime" : 21026.96,
    "throughput" : 0.5170728983443617,
    "receivedKBytesPerSec" : 176.52442341450987,
    "sentKBytesPerSec" : 0.24383498059580647
  },
  "Выбор второго товара из списка" : {
    "transaction" : "Выбор второго товара из списка",
    "sampleCount" : 461,
    "errorCount" : 0,
    "errorPct" : 0.0,
    "meanResTime" : 1470.7114967462019,
    "medianResTime" : 1315.0,
    "minResTime" : 914.0,
    "maxResTime" : 2851.0,
    "pct1ResTime" : 2332.8,
    "pct2ResTime" : 2509.0,
    "pct3ResTime" : 2693.14,
    "throughput" : 0.5153417576619358,
    "receivedKBytesPerSec" : 332.90499610768853,
    "sentKBytesPerSec" : 0.4789168384006743
  },
  "Переход на товар-0" : {
    "transaction" : "Переход на товар-0",
    "sampleCount" : 1,
    "errorCount" : 0,
    "errorPct" : 0.0,
    "meanResTime" : 84.0,
    "medianResTime" : 84.0,
    "minResTime" : 84.0,
    "maxResTime" : 84.0,
    "pct1ResTime" : 84.0,
    "pct2ResTime" : 84.0,
    "pct3ResTime" : 84.0,
    "throughput" : 11.904761904761903,
    "receivedKBytesPerSec" : 7.812499999999999,
    "sentKBytesPerSec" : 5.266462053571428
  },
  "Переход на вкладку" : {
    "transaction" : "Переход на вкладку",
    "sampleCount" : 437,
    "errorCount" : 7,
    "errorPct" : 1.6018307,
    "meanResTime" : 1045.659038901602,
    "medianResTime" : 769.0,
    "minResTime" : 29.0,
    "maxResTime" : 21057.0,
    "pct1ResTime" : 1083.6,
    "pct2ResTime" : 1182.3,
    "pct3ResTime" : 21044.62,
    "throughput" : 0.48636183539823796,
    "receivedKBytesPerSec" : 169.37803397931626,
    "sentKBytesPerSec" : 0.205947969787136
  },
  "Убрать из корзины" : {
    "transaction" : "Убрать из корзины",
    "sampleCount" : 435,
    "errorCount" : 0,
    "errorPct" : 0.0,
    "meanResTime" : 538.9241379310345,
    "medianResTime" : 510.0,
    "minResTime" : 353.0,
    "maxResTime" : 1404.0,
    "pct1ResTime" : 707.0,
    "pct2ResTime" : 796.1999999999998,
    "pct3ResTime" : 1064.7599999999998,
    "throughput" : 0.4874009651659572,
    "receivedKBytesPerSec" : 1.2803794885707274,
    "sentKBytesPerSec" : 0.8467639814748417
  },
  "Переход на вкладку категории" : {
    "transaction" : "Переход на вкладку категории",
    "sampleCount" : 437,
    "errorCount" : 7,
    "errorPct" : 1.6018307,
    "meanResTime" : 1045.659038901602,
    "medianResTime" : 769.0,
    "minResTime" : 29.0,
    "maxResTime" : 21057.0,
    "pct1ResTime" : 1083.6,
    "pct2ResTime" : 1182.3,
    "pct3ResTime" : 21044.62,
    "throughput" : 0.4863683310777121,
    "receivedKBytesPerSec" : 169.3802961334135,
    "sentKBytesPerSec" : 0.20595072035657366
  },
  "Переход на товар" : {
    "transaction" : "Переход на товар",
    "sampleCount" : 872,
    "errorCount" : 16,
    "errorPct" : 1.8348624,
    "meanResTime" : 592.1834862385329,
    "medianResTime" : 515.0,
    "minResTime" : 1.0,
    "maxResTime" : 21046.0,
    "pct1ResTime" : 675.0,
    "pct2ResTime" : 732.0,
    "pct3ResTime" : 912.2099999999996,
    "throughput" : 0.9704167561594199,
    "receivedKBytesPerSec" : 280.61786324273885,
    "sentKBytesPerSec" : 0.4330037890211589
  },
  "Удалить товар из корзины" : {
    "transaction" : "Удалить товар из корзины",
    "sampleCount" : 435,
    "errorCount" : 0,
    "errorPct" : 0.0,
    "meanResTime" : 282.3494252873561,
    "medianResTime" : 256.0,
    "minResTime" : 174.0,
    "maxResTime" : 692.0,
    "pct1ResTime" : 400.80000000000007,
    "pct2ResTime" : 455.59999999999997,
    "pct3ResTime" : 635.5199999999994,
    "throughput" : 0.4876512139152115,
    "receivedKBytesPerSec" : 0.6428995495952495,
    "sentKBytesPerSec" : 0.4800316636977863
  },
  "Use Case № 2" : {
    "transaction" : "Use Case № 2",
    "sampleCount" : 461,
    "errorCount" : 53,
    "errorPct" : 11.496746,
    "meanResTime" : 6267.915401301518,
    "medianResTime" : 3508.0,
    "minResTime" : 2718.0,
    "maxResTime" : 64618.0,
    "pct1ResTime" : 23358.6,
    "pct2ResTime" : 23908.1,
    "pct3ResTime" : 43771.1,
    "throughput" : 0.5141485655143493,
    "receivedKBytesPerSec" : 810.531231536727,
    "sentKBytesPerSec" : 1.1418421209102325
  },
  "Результаты поиска" : {
    "transaction" : "Результаты поиска",
    "sampleCount" : 926,
    "errorCount" : 6,
    "errorPct" : 0.64794815,
    "meanResTime" : 1025.2829373650109,
    "medianResTime" : 769.5,
    "minResTime" : 1.0,
    "maxResTime" : 21048.0,
    "pct1ResTime" : 1819.0,
    "pct2ResTime" : 1933.65,
    "pct3ResTime" : 2187.92,
    "throughput" : 1.031122988697734,
    "receivedKBytesPerSec" : 354.10242809072435,
    "sentKBytesPerSec" : 0.4898014708952731
  },
  "Получить информацию с корзины" : {
    "transaction" : "Получить информацию с корзины",
    "sampleCount" : 435,
    "errorCount" : 0,
    "errorPct" : 0.0,
    "meanResTime" : 324.3333333333336,
    "medianResTime" : 291.0,
    "minResTime" : 202.0,
    "maxResTime" : 845.0,
    "pct1ResTime" : 458.80000000000007,
    "pct2ResTime" : 538.1999999999999,
    "pct3ResTime" : 743.7599999999999,
    "throughput" : 0.4876654278843729,
    "receivedKBytesPerSec" : 0.8062616836508764,
    "sentKBytesPerSec" : 0.4200399486269696
  },
  "Debug Sampler" : {
    "transaction" : "Debug Sampler",
    "sampleCount" : 895,